user_id,email,password,username
1,dkeyse0@rakuten.co.jp,gU6ferak,ealexandrescu0
2,janlay1@blogs.com,zwjfz6l,hstedall1
3,mfinnigan2@a8.net,HKbzs7,mpyffe2
4,mlaws3@cnet.com,LJqW7QfPNP,jbickerdike3
5,gbakeup4@ovh.net,PMKYuciF,rmcpaik4
6,bannies5@hao123.com,xz9p66Iv,mcassell5
7,ccamilleri6@cocolog-nifty.com,5fPLoMLLUKF,mbussens6
8,bacuna7@wordpress.com,oqZVSNO,lnarup7
9,deldred8@homestead.com,NDQMUc,mjobern8
10,wlofts9@cdc.gov,Mj9vbC5STwY,scalbreath9
11,mharteleya@washingtonpost.com,e9QeI0FV7yBj,plettingtona
12,lbellordb@patch.com,n6Jaqr4EmSR,rhabgoodb
13,dkinneirc@loc.gov,9SAvgUBkuBXT,adozdillc
14,bbissilld@soup.io,Wbg89lcE,eevettsd
15,abreydine@fda.gov,h4koMVbEI,jmarcussene
16,ovaneyf@clickbank.net,llolL7z4,astorkf
17,kwallworkg@wix.com,UrhMmQMSH,ssausmang
18,atreherh@guardian.co.uk,fd1nE7fwL,pkennefickh
19,bjacobsseni@wordpress.com,k54cPGfnd,tblaxalli
20,gfyshj@usnews.com,3l9uW8Pn,hberridgej
21,rshepleyk@springer.com,pEVsIh,fteanbyk
22,abraidl@creativecommons.org,CDte3b,abosmal
23,arivelesm@last.fm,ZYM0d9w5,psunnexm
24,cborleyn@unc.edu,nDPaKB6lry,gtrinken
25,kprowseo@google.ru,2CUTEiORmO6,rfarthino
26,cludlp@bbb.org,Ty3AX0X,cangellp
27,mdowtryq@soundcloud.com,hxV2D63QtSa,aedmandsq
28,tkittoer@vistaprint.com,knMbcE,mlambrechtr
29,fnutteys@berkeley.edu,1lYF6Fme,rspittals
30,irushbyt@goo.gl,JgKOfS,egurwoodt
31,iguisbyu@illinois.edu,F7KI4BQEdr4J,rdoughartieu
32,sgadneyv@state.tx.us,bFqh2LeXns,cbythellv
33,dvanniniw@goodreads.com,UHL7MqN3wz,ltassakerw
34,mphiferx@buzzfeed.com,TifPjr,abortolx
35,mmendenhally@istockphoto.com,KFmgmecLo1n,tbollivery
36,fmeleskz@ucoz.com,QALwoxyvGtG,omalesz
37,bjilkes10@ftc.gov,jcuxE7H3fK,ccalley10
38,broseburgh11@vkontakte.ru,9MAQF9p8acY,bkennington11
39,wvanderkruijs12@webmd.com,e41KXxtkytHT,mwestberg12
40,wluna13@wired.com,8i8s7Ty,mswaffield13
41,ucoping14@ocn.ne.jp,FnoqGuVADmb,dpedlingham14
42,claidel15@zimbio.com,Jet6KZr,ftattershaw15
43,akleine16@vistaprint.com,bnlHqhRbAmZx,ltoolan16
44,apirazzi17@quantcast.com,eihJko,cbedder17
45,balbury18@npr.org,WdvxE3,sdigby18
46,nwishart19@youtube.com,pVOIdG79q3,bdelyth19
47,asherbourne1a@wsj.com,0xaZfdImoa,slomis1a
48,mriggs1b@nytimes.com,DIXpvNTLwMJE,enicholson1b
49,cclemetts1c@wordpress.com,fynC4HTaf,lklees1c
50,ebicker1d@prlog.org,sgsvYS,bdumblton1d
51,aahlf1e@php.net,5ztc7qgvu,ckrinks1e
52,bgoldenofireland1f@examiner.com,RVPIBq,fmattheeuw1f
53,tadamkiewicz1g@psu.edu,bvj12l,ktuny1g
54,jlonding1h@yale.edu,SeOxAa0BAjz,wgarland1h
55,vchina1i@odnoklassniki.ru,17Y7ByE0E,gkillik1i
56,tsharper1j@walmart.com,Z9WAnJ3dx,gbrizland1j
57,mparriss1k@irs.gov,wp7FsOl1,bshiliton1k
58,olipprose1l@com.com,Txx2PCKJev4,psimmonett1l
59,syurkin1m@senate.gov,PErLVnU,taubray1m
60,crapport1n@printfriendly.com,rHzkuANPmM,bdymidowski1n
61,ddemaine1o@auda.org.au,qBwRN2OS6Me,jduthie1o
62,dingry1p@angelfire.com,3MrQdrG39S3k,ecoughlin1p
63,grenzullo1q@pbs.org,VNDRmh7o,mrobelin1q
64,lderby1r@bloglines.com,nrjh3e9I,jacres1r
65,jjanecek1s@tumblr.com,eDgL2KEj,wduddell1s
66,ascudamore1t@about.com,qSYOOQnB,jaubert1t
67,ngrimoldby1u@privacy.gov.au,SVBHSQVDli,cmorphey1u
68,amonard1v@princeton.edu,LGb4ubv,bcastles1v
69,selvins1w@bigcartel.com,k6TmgE7fuFh,dambrogi1w
70,cdugall1x@merriam-webster.com,Gv7qvQ7aDv,cheis1x
71,fivshin1y@mail.ru,S0JllV,croiz1y
72,gborsnall1z@liveinternet.ru,oAMsZ1j8w,rnannizzi1z
73,cpitherick20@flickr.com,BoErNnkX,rrayman20
74,jjurasz21@answers.com,BNMypLZIZ,sbelli21
75,melcum22@wordpress.org,OkVlWh,jconnold22
76,mbrashaw23@stumbleupon.com,ArQutpeCW0,tacom23
77,rpanswick24@facebook.com,ZMtkSqezJp,adytham24
78,lmerck25@seesaa.net,Ndj3M8Pl,mbeetham25
79,mmurtimer26@instagram.com,xluL2s,tbagenal26
80,apimley27@google.ru,BCeqFaC8d4dG,eloeber27
81,sgiraudel28@desdev.cn,7VvsclgcP2af,ecranson28
82,ekordas29@narod.ru,ehfNaJ,gprivost29
83,sborman2a@bigcartel.com,zfeIhD23id4,mcouche2a
84,atombleson2b@behance.net,ck57cbL,adeere2b
85,fpassman2c@etsy.com,ef4P2ceu,hmaltman2c
86,ldasent2d@t-online.de,YEXqrx,shulburd2d
87,zchelley2e@fema.gov,rQWpHR4,aswallow2e
88,kleggan2f@npr.org,N9KpddLbu,cdimock2f
89,sbickley2g@wufoo.com,WZMEFtXVz8,tfaunch2g
90,mfoli2h@about.com,ZBBHqBB,lclemanceau2h
91,jstorms2i@privacy.gov.au,tO25gX,flivesley2i
92,edellenty2j@homestead.com,bHfrYJF,lbelch2j
93,gfrantsev2k@ow.ly,Gpr3QlDAeFKG,ghagerty2k
94,gcrinion2l@bloglines.com,jvtJqLJY,mgoodread2l
95,yloveguard2m@pen.io,Qpr1pq,vdederich2m
96,wmardoll2n@scientificamerican.com,neYeCegu,mgracewood2n
97,rjanman2o@nationalgeographic.com,aWLjGB6R,lboldt2o
98,cmatisoff2p@who.int,F9lQO1,dgriss2p
99,xbirdfield2q@imgur.com,WQH5XYiQ,lcamous2q
100,rashman2r@lycos.com,0HSmagGky,chattrick2r
101,rfrape2s@home.pl,oNWhtv,jsollis2s
102,mjimenez2t@shareasale.com,Aq3aA3vh,aworcester2t
103,dbiskupski2u@angelfire.com,tGZmAGNX,hblanc2u
104,lkarchewski2v@apple.com,UxedpXP,hcomerford2v
105,amitkcov2w@geocities.com,aHurmcH,hroom2w
106,abrogiotti2x@photobucket.com,jCqmxYz35kOl,mjacquemet2x
107,pmuscat2y@friendfeed.com,lgZDi7i,akoenen2y
108,rpoli2z@baidu.com,rG0F98Ss6Fs,docorrin2z
109,sromaine30@delicious.com,FPlYOVcsi1,sfavel30
110,ddelouch31@netscape.com,CKTBKfyGGXk,skleinzweig31
111,vboxer32@topsy.com,qyCPQJkOTC,ssleicht32
112,kdally33@cdc.gov,9ntPQd4l,jdales33
113,dchettoe34@ed.gov,zTbHhuuiw,mfowells34
114,spetera35@cafepress.com,Uauz2PlLW2P,wmaass35
115,chubner36@ezinearticles.com,wsVYl1uw6wx,vboddington36
116,jscafe37@nsw.gov.au,QEIgo6Yu,kmuckian37
117,cbuye38@hostgator.com,yapw8b,bovendon38
118,rhanselmann39@chicagotribune.com,9LV4bYaQE9,ftrusslove39
119,ksandilands3a@instagram.com,PFldTdeGd,bgail3a
120,wiacobetto3b@storify.com,iNJwBd,egerry3b
121,glangstrath3c@google.it,ju2mymrkD,dnoyes3c
122,fjacombs3d@canalblog.com,Yu3FzMx0D,sguerrier3d
123,gklimontovich3e@twitter.com,0ykMiWUUlyO,sgwyer3e
124,sjobling3f@exblog.jp,80iATn,rjandak3f
125,cwilds3g@ocn.ne.jp,m6moUGCP,cgirard3g
126,lchorlton3h@jigsy.com,BlTEbklqgpZ,jtrewhella3h
127,bcrosham3i@washingtonpost.com,y4ZzPwdgEj,rhumbatch3i
128,ypetrichat3j@prnewswire.com,WgLiQHj,pvagg3j
129,dluparti3k@myspace.com,8egySjC,dvuitte3k
130,msygrove3l@a8.net,24YDoJnXpQ,bbassick3l
131,bsilverston3m@apple.com,XztwEgq1uE,ktucker3m
132,jleap3n@microsoft.com,LqZEaS6P,lgoodayle3n
133,jdarell3o@usa.gov,xaGf9cKkh,jsayce3o
134,saughtie3p@mashable.com,BAYr13,ahamber3p
135,dmccleverty3q@usda.gov,YsiizcRHAHU,mworld3q
136,agorsse3r@narod.ru,RJf2l7roXs,awimpress3r
137,tneilan3s@woothemes.com,BqDjNqD1W,tmapplebeck3s
138,cwoffinden3t@t.co,S7HpDR92ef,lcourtois3t
139,acolling3u@eepurl.com,tBOPng,kofairy3u
140,arumsby3v@soundcloud.com,iRw65e,gdugald3v
141,vfedorski3w@ftc.gov,pZxyDKAUxGof,esouten3w
142,dphlippi3x@wufoo.com,bOWPMf,jkift3x
143,kmulran3y@tuttocitta.it,2dcmOT,afairlamb3y
144,tkinworthy3z@jimdo.com,rU6h9H,lockendon3z
145,zparoni40@pinterest.com,WCReBskGRhyI,kmartine40
146,ibaildon41@loc.gov,2xH4hb,skinzett41
147,ecorston42@pen.io,Mx5XigBvk,vcomelli42
148,wkennady43@godaddy.com,BMQ6dSl,blennarde43
149,slevicount44@bravesites.com,j6Xphyb1EnD,waskaw44
150,tmccracken45@last.fm,2zYCSLB,pchipps45
151,sdeaton46@de.vu,CDqDicKN,cpoker46
152,lcust47@dagondesign.com,9lL6CbVnTQ,mebbutt47
153,rclemintoni48@fc2.com,t8s1HUanS0,dvanderson48
154,tknox49@elpais.com,DY6lbu3s,jfritz49
155,shusbands4a@ebay.co.uk,51E9OKt7A1Z,daizikovitz4a
156,rfaley4b@bluehost.com,gbARV59abp0,ugerty4b
157,bdurrell4c@goodreads.com,S80BGn,lgristock4c
158,lhector4d@wikipedia.org,pzUecbocr,jkindleside4d
159,wlundberg4e@mit.edu,A9AewlA,ostanggjertsen4e
160,terington4f@prlog.org,8FeXNqj,senston4f
161,brycraft4g@printfriendly.com,NaIqcLVl5,cpeinton4g
162,bstrickland4h@ted.com,1lmuY6ma,rharwick4h
163,wketchell4i@gravatar.com,FfQzATpLtsn,izukerman4i
164,blemmanbie4j@wordpress.org,ljvvar,ureynalds4j
165,dhadigate4k@whitehouse.gov,TX4rT6oaYB,kscriver4k
166,mbeckitt4l@ustream.tv,kZDXeouaDo,gmcvey4l
167,tvanderhoven4m@sun.com,x0WLx1uD,trivallant4m
168,mhamshar4n@miitbeian.gov.cn,7qT0h4Wg,vhauger4n
169,ngethins4o@cafepress.com,SimZBE0WG,fwitherop4o
170,jbeames4p@furl.net,uOETwFFLtMBQ,eharesnaip4p
171,areuter4q@networksolutions.com,zhHVAdN,dwissbey4q
172,jdemarco4r@lulu.com,3fQhuYc,ksymson4r
173,wjudgkins4s@ycombinator.com,VA8ZnL,edobney4s
174,dcrowche4t@washington.edu,a0Y4nxtT,askone4t
175,fmaynell4u@bigcartel.com,Ng5zZCdH,shancke4u
176,rtuplin4v@1688.com,MPSNOiQJR6q,tdangerfield4v
177,earmsden4w@devhub.com,LSXS3htpO2z,npesek4w
178,jaylott4x@people.com.cn,Q6cLuCkVn,npalffrey4x
179,wlorait4y@ted.com,d9QxRYFND,awynrehame4y
180,lstirrup4z@bbc.co.uk,Wxyxoq9,lbarnsdall4z
181,mwilcocks50@smh.com.au,c3p2xT0g2p,afranceschi50
182,fdomingues51@noaa.gov,cDZCDUC,dpagett51
183,rbegwell52@jigsy.com,NmRuCnspDaF,morteaux52
184,lfaulconer53@mysql.com,iQ1IOADofrt,mcruise53
185,rmorfett54@jiathis.com,ApwNrdcU,gwohlers54
186,ddawidowsky55@nature.com,z7eVrJyaJqJE,lrault55
187,bokielt56@guardian.co.uk,km13XOILm,gsedgemond56
188,cspencley57@blogspot.com,VNV0UiNR8,afearnehough57
189,flawrence58@ihg.com,5kbialDHQ,ashitliffe58
190,hmateev59@uiuc.edu,et5FuDq,awotherspoon59
191,lfuggles5a@instagram.com,sci7WwESVymu,tromer5a
192,hmell5b@ocn.ne.jp,yn4i3lJp,abrenston5b
193,ydurbin5c@exblog.jp,Jef4hIGuepUL,vmerrington5c
194,rleatherbarrow5d@nydailynews.com,XrrvnDV0eS,hzappel5d
195,tjanson5e@hexun.com,CpkRR5lZI,hdarlasson5e
196,dgarroway5f@tripadvisor.com,yqka3MQX,eseefus5f
197,acowdroy5g@feedburner.com,lEc7GOAldAU0,premon5g
198,trabbet5h@ca.gov,iOvatFPqTdf,gmarty5h
199,lpyke5i@aboutads.info,y2eGfmW9Du,ematokhnin5i
200,smullins5j@apple.com,TzfNRjh,gpatty5j
201,frockwill5k@ehow.com,KxwJMjKHwlb1,wcicculi5k
202,hgoreisr5l@businesswire.com,GbsMC8Swg,lsamways5l
203,ddurtnall5m@uol.com.br,MAIwEy,rausiello5m
204,ncassley5n@joomla.org,3E5A2Tu,brolstone5n
205,aroskilly5o@chicagotribune.com,6Jbvnc,cfrigout5o
206,asteenson5p@about.com,P3K6arY,epalle5p
207,cgocke5q@friendfeed.com,gAUK8Eh55Nj,bpascow5q
208,dnewborn5r@surveymonkey.com,n989Rlb0uArc,taxelbey5r
209,lgage5s@drupal.org,c5nVw91,crosthorn5s
210,yjoerning5t@shinystat.com,2R2lLZ52vk7M,ndewing5t
211,sburge5u@jigsy.com,KN17Jpif,kmorstatt5u
212,nwanden5v@webmd.com,c8TT0oS,msambedge5v
213,mmcettrick5w@deliciousdays.com,2xXvpLZeWcke,nblacklidge5w
214,cfarrants5x@networkadvertising.org,zHVn7xyhP,thowels5x
215,cdurn5y@devhub.com,UhLOPA9fc,lseakes5y
216,ebaselli5z@noaa.gov,lzoqxOoe8xwy,ksafe5z
217,mdufoure60@sciencedirect.com,oQiFaFqO6,sdonnel60
218,cbortolozzi61@odnoklassniki.ru,iIgdcxnlX,hremmers61
219,tpleass62@si.edu,y7pHpGN,emenis62
220,bsutcliff63@paginegialle.it,I3lXArMQ3S,cletterese63
221,dhiggan64@elegantthemes.com,ABbHQR98,nkemston64
222,nmitchelson65@deviantart.com,HkaVg5NU,yprue65
223,dhovy66@imdb.com,DWmGEr,ccalkin66
224,grivalant67@networksolutions.com,KTEyYIGtq,amagog67
225,abelchamber68@flickr.com,ne7b7RNOu,adyter68
226,mnoyce69@wufoo.com,2z5nadB7rjmo,cpreuvost69
227,ssammars6a@dot.gov,02BWgeCEQx,kdarree6a
228,hgloyens6b@flickr.com,sNr5Si89,ldobbin6b
229,akells6c@dailymail.co.uk,nAghBBc0H,pliccardi6c
230,pkwietek6d@clickbank.net,qEvIIuPApL,clayson6d
231,fbreagan6e@fastcompany.com,9rROsJm1,roshiels6e
232,lkastel6f@ucoz.com,3SbVmTE2fNnK,eveillard6f
233,bshinner6g@myspace.com,kXENj5rklG,ccraister6g
234,wgowers6h@yelp.com,akib26ft3moe,lostridge6h
235,bdysert6i@bloglines.com,qM4nZXNXra6,arivallant6i
236,sworsom6j@wufoo.com,0bhSyjKC,ewickey6j
237,lmachin6k@amazon.co.uk,258we0NMT,pdinzey6k
238,rpressnell6l@infoseek.co.jp,cu9c5FEcb6q,hwilbore6l
239,dgriffin6m@paginegialle.it,0mgqItlFhT4,fdiiorio6m
240,cbalston6n@google.com.au,oExKwL,afeltoe6n
241,mtomasz6o@nytimes.com,O4WWLsZx,dboyett6o
242,eneilly6p@ow.ly,s9UGYpSA,ashilstone6p
243,ohamman6q@opera.com,4uG5Ys6WS,bwiddicombe6q
244,bkerford6r@linkedin.com,h2LaLIe,acraigie6r
245,gpocock6s@wunderground.com,tKAwOipofDHM,mgrishelyov6s
246,locurrine6t@irs.gov,JDuoxntN1R,pjehu6t
247,kdavies6u@engadget.com,enxIzEFhlM,wgiovannelli6u
248,lorteaux6v@china.com.cn,YX3cdTCU9WPO,mgyurko6v
249,ybariball6w@hatena.ne.jp,J3SxQFB,lbrandes6w
250,mchatell6x@nhs.uk,3ov9lt6umpu,jsaill6x
251,mmuffitt6y@youtube.com,mhCUXI,mlonghorn6y
252,cbroose6z@acquirethisname.com,H9uJgdW,krizzillo6z
253,fmullenger70@patch.com,t4NS92GB,hinsko70
254,ppetrushka71@ocn.ne.jp,KmMVHl9C,pscrivenor71
255,hharden72@blogspot.com,mIBNBi0oKpGa,wtuckwood72
256,aforestel73@noaa.gov,JyL9Yf99iJ,learwaker73
257,ssharpous74@aol.com,HXKlY5T9BHPp,tbuckenham74
258,njacquemet75@icio.us,7JzPein,iaiston75
259,tmilmo76@columbia.edu,WaFSInlfu,nbettenson76
260,cedes77@ehow.com,55AkfHWe,fbecken77
261,atrownson78@dailymail.co.uk,lJnyjVM5GV,hnisby78
262,dpencost79@privacy.gov.au,3sb9bx,mraddin79
263,akuhle7a@salon.com,Ii4nzw,chavick7a
264,rslaney7b@storify.com,c4NbeyMt4u,bbackson7b
265,nfuzzey7c@ehow.com,7YGcqMC99EB,jhannaway7c
266,mconnor7d@vkontakte.ru,LzRfLj2s,hsturge7d
267,jdeave7e@google.nl,l59fia9Q,cantrag7e
268,bpillman7f@amazon.com,zI72hZR,gitzkovich7f
269,mceeley7g@oaic.gov.au,6UwoDa,jwedlake7g
270,cstriker7h@nationalgeographic.com,Gq45YF6cwLzV,jshovlar7h
271,cmarcroft7i@drupal.org,dmCD3i9,tsmorthit7i
272,uannand7j@blogspot.com,vCz8GBJVWh1x,tseamons7j
273,drosini7k@hhs.gov,gQ3QT7,fohagan7k
274,gwarr7l@npr.org,kcSCoKnzho7e,mboatwright7l
275,hbrasier7m@usatoday.com,Dp9TpXldBD,blabbati7m
276,ademke7n@narod.ru,ITIntIkqeqbi,preignard7n
277,ctremblot7o@friendfeed.com,1mCEwZ1Abgp,cguittet7o
278,dtoothill7p@surveymonkey.com,2xX2OqmhS,vjuarez7p
279,salexandersen7q@sfgate.com,uv2bvqDte5e,kroarty7q
280,hlynnett7r@independent.co.uk,zVVELC,uivanilov7r
281,kstaig7s@hp.com,eOEpej1BnJp,mclubbe7s
282,rknock7t@deliciousdays.com,ejFOyeKxcyzP,nspada7t
283,fhurne7u@eventbrite.com,tqtDPpO,bredgewell7u
284,lgiovanetti7v@lycos.com,609FmZp8U6,tlackemann7v
285,vhammerich7w@fotki.com,zE5bmX3aXw,tdurran7w
286,ecasper7x@a8.net,vkveFKO,joaks7x
287,vcousens7y@dailymotion.com,wlzRazEC,mbattyll7y
288,jbourthoumieux7z@typepad.com,ntBn9T2qCb,cmclaren7z
289,jcavanaugh80@typepad.com,aQY1G7R,awatmore80
290,wkleinber81@posterous.com,L0msSnokYoZ,aroloff81
291,cocorrigane82@slate.com,S7NJUpsBJBB,elamborn82
292,cpietrzak83@yandex.ru,5jp0Cr,ntebbit83
293,dpioch84@trellian.com,q8IJy4I1,todde84
294,aashenhurst85@imageshack.us,uAlLODn,bmiell85
295,fchave86@facebook.com,ezkxR6SHiz,mrushmare86
296,rhaddrill87@google.pl,11Ey5Jj,dpostians87
297,lkaemena88@upenn.edu,Gp6D86NWdv3,dkemmet88
298,esenner89@purevolume.com,p2HauYIvl,hlinfield89
299,rbolliver8a@springer.com,2txs5K,askupinski8a
300,kfairlie8b@freewebs.com,cwJKUbUkku,mvoelker8b
301,payerst8c@friendfeed.com,5kHaC2xW3Y,dhendrick8c
302,degger8d@reverbnation.com,URkZADvvV4i9,clethebridge8d
303,hcloughton8e@acquirethisname.com,f02WpLcVB,ldavydoch8e
304,roliva8f@wordpress.com,OaYeopzUVBb3,xmccaughan8f
305,rvondracek8g@moonfruit.com,Wuf4BMIpOv,ckirkpatrick8g
306,sdominighi8h@mapy.cz,y0j1oLsMKaTY,lroad8h
307,gvoisey8i@discovery.com,MfpqORM1,hjiru8i
308,abray8j@pinterest.com,uvTjbe,bpetofi8j
309,npaternoster8k@a8.net,1Hi1cEfXdK5,amaciunas8k
310,joggers8l@mail.ru,KQ9xPT2jRM,bsmedmore8l
311,narlet8m@google.ru,sVXIanQl,sdeaville8m
312,ashortin8n@icio.us,dvXdRJoV,askoughman8n
313,lmurden8o@foxnews.com,rT4ZaT1sY2,tcolthurst8o
314,sbilbie8p@bbc.co.uk,eXR6ewwygOt,ccastana8p
315,pdymoke8q@digg.com,XoIg8y6r,hmuskett8q
316,dather8r@nifty.com,9cje9tC2laRB,hcastagno8r
317,tayerst8s@ebay.com,h2bLdJFx,swebbe8s
318,molek8t@shinystat.com,nEM4yeyA,tliddyard8t
319,ldavidsohn8u@addtoany.com,wLonJNmHPwm,btoye8u
320,sdrogan8v@nih.gov,q0yfivXag,averney8v
321,rlemmon8w@wikimedia.org,SW5ZODEyED,rocannovane8w
322,sdineges8x@issuu.com,2QuuB30s9H,amissenden8x
323,rivanyushkin8y@facebook.com,Yvlu6GJl8oba,mdadds8y
324,lsibille8z@instagram.com,2vc8Ln09,arennicks8z
325,loverel90@amazon.com,J3cfze,abelderfield90
326,ccargenven91@disqus.com,lFi3h3,msaunper91
327,amapis92@prnewswire.com,K4gygC,lstraniero92
328,lcorriea93@wsj.com,dkWTPAO04Dtu,asimister93
329,gmagauran94@icio.us,7bM0bF0Qz5,llyste94
330,gkensitt95@nydailynews.com,ZEvTiC,drown95
331,dalpes96@fc2.com,41kHsve2yJ,cchatters96
332,fbyre97@wsj.com,UlBF7C,sbibby97
333,flegrice98@zdnet.com,R8xv8O,clishmund98
334,imcgaraghan99@studiopress.com,AgS1p7EUZJPj,lcudd99
335,ecaldow9a@indiegogo.com,MNPkEeOq,tcapnor9a
336,cedmenson9b@canalblog.com,6EmeLz,aboakes9b
337,jkilmaster9c@china.com.cn,LyRPOWkB7LW,bbulward9c
338,mevers9d@biblegateway.com,4REUGw,kbarnwell9d
339,mcarlon9e@php.net,pRO6Kq7yRX7,balbrighton9e
340,wbosomworth9f@adobe.com,5vpAfj55,stummond9f
341,ktout9g@fema.gov,cVci00Rt8ZSf,haspden9g
342,areeson9h@meetup.com,secpVIGR,chedin9h
343,nfitchett9i@diigo.com,dr7AUwBVd,pbecker9i
344,ahoolaghan9j@addtoany.com,KXxN5iS,acaff9j
345,smacilhagga9k@europa.eu,AgBOvP,hclaisse9k
346,tellerey9l@hao123.com,LdEMKh5,hbarratt9l
347,hreyna9m@alexa.com,qZKEhXZubdvs,cevans9m
348,ptinkham9n@google.co.jp,zO2aQfX,hmarson9n
349,vvonwelldun9o@cdbaby.com,djQ1lU,mcorris9o
350,aferry9p@tamu.edu,jyAApbT96of6,nstiller9p
351,wgreenier9q@utexas.edu,Mz1LS2mTt32,cashfold9q
352,jgurnay9r@wix.com,CrOcg5qwxC,glaidler9r
353,mdidomenico9s@wisc.edu,pUSuPmsj,rbrosoli9s
354,eshory9t@odnoklassniki.ru,ZnXKavf9oD,lkeers9t
355,tleaman9u@youtu.be,kVQvQURSj,dsudran9u
356,lcallister9v@home.pl,SfY1dXTU,nnorthway9v
357,melner9w@histats.com,YU3gHt5,bkeetch9w
358,emorena9x@delicious.com,h1GTu3ZO,btrudgeon9x
359,mimlach9y@uiuc.edu,BDJEIfChs4kT,chaddon9y
360,cvenour9z@themeforest.net,LfFDseJp64eL,fellcock9z
361,gdelamainea0@merriam-webster.com,xbA5mBArNxy,ktilzeya0
362,kcottella1@si.edu,6RFMXO1At,csiretta1
363,ksynea2@fda.gov,ITYhATO,jpratona2
364,aangovea3@is.gd,TT6vAj,atabora3
365,lhaberfielda4@miitbeian.gov.cn,WMrfNcYUdb,cbrewitta4
366,fironmongera5@domainmarket.com,pSAf7Q,proana5
367,jcoplanda6@eventbrite.com,NHNJOpH9qBY,rdavidmana6
368,ndavidowa7@digg.com,tM4bF4D95i,farnoa7
369,wdenormanvillea8@geocities.com,B44bvCAe,flochheada8
370,ftomasa9@google.cn,HCrVHHDfoN,khalshawa9
371,jjoderaa@acquirethisname.com,n2OD9IFEB,afukeaa
372,bnethercottab@163.com,8MJUxGaw065,lmintoffab
373,mwardropac@aol.com,w0Es0Qu,hborchardtac
374,mhawksleyad@newyorker.com,I0cED9TPlcJz,lphilipad
375,dserfatiae@sciencedirect.com,YUepctC,mstifeae
376,hseilmannaf@google.com,LD3VifeI,scoareaf
377,bdiproseag@hc360.com,27m7Fdit,rchalkeag
378,kgoulthorpah@webs.com,y0bAPCo,upolakah
379,dmccloughlinai@free.fr,LIwdNnO,ogallerai
380,pturfinaj@adobe.com,w5xkTN2,cbodycombaj
381,adunsmoreak@nature.com,sPUrfV,cdelaciak
382,kthurbyal@newsvine.com,v7qNADW,dfarrieral
383,bbuggam@japanpost.jp,jRYAmencZ,sclacsonam
384,jmougenelan@feedburner.com,pnivhSl,gmcgeean
385,tmogeyao@weibo.com,vgMJbt2N,santonikao
386,gdrillotap@mediafire.com,r4fk5z,nviegasap
387,lmarsyaq@mozilla.org,1p54qlG0,jmaymondaq
388,gsmalmanar@blogs.com,Gl3A0nduyU,bhurllar
389,deacottas@chronoengine.com,8A6RaDp,ctofpikas
390,cmozziniat@gnu.org,njEzrG6Y,mgotterat
391,gandreasau@acquirethisname.com,jUnWP2YsQ,ranscombeau
392,sbasekav@techcrunch.com,Avp2n6d,kwilkieav
393,gsizelandaw@upenn.edu,B4rHVThSQ5Vr,gpetoaw
394,cdemeisax@msu.edu,q13O3DQivy4,cbraithwaitax
395,raersay@ezinearticles.com,Pue7f8SKBX,gsandhamay
396,nyakobaz@photobucket.com,tG8DvB,lbemandaz
397,wcornnerb0@wunderground.com,PA7ZZ7Z,iducroeb0
398,sjacobsb1@geocities.com,AQ0WsuRu96,anoldab1
399,mbundyb2@delicious.com,OQbIikLzj9r,qpeoplesb2
400,kprandib3@netscape.com,RLTxuXq7fn,njoanb3
401,cgounodb4@dailymotion.com,lkPC7y,bswaddenb4
402,syitshakb5@dmoz.org,fssaM6Q7xCm,apheaseyb5
403,rmilnthorpeb6@techcrunch.com,TljF6e,kwalrondb6
404,eallertonb7@msu.edu,NjzRBqrB,alawnb7
405,treesonb8@dion.ne.jp,bMOClF2n,koakenfieldb8
406,djendrichb9@cnbc.com,v1u7qex05V82,ecoyleb9
407,bdanihelkaba@gizmodo.com,RRqmOVe,staylorba
408,scattlemullbb@yahoo.com,l8T9BOf0ktx,sbalmerbb
409,bchatwinbc@google.es,tDyiFfbFWcsq,cthomtonbc
410,bsandhillbd@mapquest.com,VjdgnyFio,gnaseybd
411,shicklingbottombe@joomla.org,940Qso,abengebe
412,nlethieulierbf@naver.com,yglS7M,mwiddicombebf
413,krickabybg@51.la,MKg03TyMN5J,wbrumbg
414,nshearmurbh@ehow.com,qdqvBTL,csissotbh
415,nfannonbi@tumblr.com,HkNjoM0UWA,enorthleighbi
416,eshrimptonebj@skyrock.com,PeZPUqwKJGm,kwhittenburybj
417,jvandijkbk@sourceforge.net,JB8eJwBe,hsancraftbk
418,mkirwanbl@cbslocal.com,6QvdIdtuVGVy,gokinedybl
419,mchristiensenbm@toplist.cz,793sHjk9mYz,cjouhningbm
420,fselbiebn@forbes.com,WqA5M9pi,tbanebn
421,enettlebo@prlog.org,ykmQyx,trosebothambo
422,gjeffryesbp@51.la,SU3bd1CZLt4,bbillettbp
423,lconingbq@apache.org,zHZLcn0FEFNX,pcastelluzzibq
424,smacgiffinbr@goo.gl,7PkHsPdUfed,lnicholsonbr
425,sransteadbs@unesco.org,U89wGGqz,vstoadebs
426,tberntbt@pcworld.com,fgoRsu15,aendebt
427,sleonidabu@vkontakte.ru,RFsCMR,kdickybu
428,whamblybv@wp.com,U4BPvK9y7,veylesbv
429,tclydebw@wikispaces.com,08OJgapB,dgillebertbw
430,kgossipinbx@tumblr.com,UJ3YpG3Nv3o,amacgeebx
431,zschouthedeby@altervista.org,11mcbwjV,fallrightby
432,gthornhillbz@cornell.edu,mUkUncGio,bgiovannellibz
433,prustadgec0@csmonitor.com,qa3TaJ1sM,nantrackc0
434,hhymanc1@weather.com,zjCOxhNPHuKU,bdominichellic1
435,sdunleyc2@studiopress.com,ACZE5sSJfk,cferreyc2
436,jjeaninc3@webnode.com,eJSQbttA,searlc3
437,edelgardilloc4@blogtalkradio.com,goSzRTzCR,rbowsteadc4
438,lkernaghanc5@nydailynews.com,sgfwsm,felliotc5
439,wfilippyevc6@ocn.ne.jp,Des5vXiMZk8v,kmclartyc6
440,lwakerleyc7@hp.com,uNdAot,nhatfieldc7
441,gboarerc8@ft.com,3ZLOHP,screavinc8
442,fcandelinc9@free.fr,KIMxO1uIVe4,rbusec9
443,hroughleyca@sakura.ne.jp,oDJmuwoi,kismeadca
444,rcuttincb@shutterfly.com,N2M6o2,pwimpcb
445,bflasbycc@cnet.com,5RjLMM2,dtwentymancc
446,pspaldingcd@seattletimes.com,a9YJ4THBmpg,dkieltcd
447,ksommerliece@chicagotribune.com,D9mYveBdcH,cprattence
448,fcurmecf@usnews.com,xjHBpE85,pspenscf
449,mkayleycg@mozilla.org,gTK0to6h,emacauleycg
450,lbuckenhamch@dmoz.org,mmEOEhxEw,kclotworthych
451,mabramskyci@psu.edu,nEzQO4Zf,apolinci
452,dquantcj@trellian.com,HRm6UX,dbusekcj
453,asiccombeck@ucoz.com,WlyISYmSWWlk,bnorthidgeck
454,mquenbycl@pcworld.com,A14uIOHtPFzE,fpetruliscl
455,bcrawshaycm@slashdot.org,jrdCDl,gdashkovichcm
456,msymerscn@bing.com,aYCX57jvBU,sgorssecn
457,dtriggolco@timesonline.co.uk,GVhMWMcwwy,iwillmettsco
458,sfrearsoncp@g.co,b4vvZbwA,mhosiercp
459,mschaumakercq@sogou.com,VmeW7dIAad,lbernathcq
460,carmatyscr@ucla.edu,OiVCkkhlxuma,bcrotchcr
461,psketchcs@dell.com,b8OQZf,scaulketcs
462,tpassyct@sourceforge.net,RrCMRH6cT,gbaffinct
463,ecoultarcu@fema.gov,cnSGGuiPDdK,mgreeniercu
464,pleaburncv@amazonaws.com,9e6XTIdZSDJA,ecaccavalecv
465,kpetersencw@surveymonkey.com,XsqSqzjGg,nhansanacw
466,rlarkbycx@miibeian.gov.cn,ZpQdjel7W,cmogeycx
467,kslimancy@sciencedaily.com,M75JtxINT,cnewburncy
468,iscibseycz@answers.com,t3Ity0,kbruncz
469,lrathboned0@virginia.edu,mTCyRD,sbrookwoodd0
470,dhanneyd1@mac.com,PZnawFu2,rbirchd1
471,tstiegerd2@cdc.gov,6TJacHuMLxT,amervynd2
472,hcaddyd3@timesonline.co.uk,4WbVtEQGlnk,mweekleyd3
473,zmacgillivried4@phpbb.com,OHlbFS1f,jschmidtd4
474,nlowthd5@sciencedirect.com,9hUmmMzI,epressleed5
475,lrigebyd6@wikispaces.com,joAQNXW,ghaird6
476,hapedailed7@cloudflare.com,h03uW9P,feathorned7
477,jgianullid8@infoseek.co.jp,xd7RHJuyJT,kjaunceyd8
478,adrayed9@studiopress.com,wRaqmqypp,ecrehand9
479,atetsallda@berkeley.edu,mOjdPBL,lpeterffyda
480,rlacknordb@sphinn.com,zviWSKOk,mcrummaydb
481,gderobertisdc@blogtalkradio.com,S6XklH,fdollarddc
482,bblazynskidd@usda.gov,TiOU13o,rlappingdd
483,tdanilovichde@e-recht24.de,6ACIaO0DWg,eborerde
484,aatkynsdf@bing.com,OijCD6UNNI,dmurtaghdf
485,vbrantondg@senate.gov,EznEkF,hcrosslanddg
486,fdensondh@ezinearticles.com,XtbDkIrAOv,lmcshanedh
487,habledi@arstechnica.com,3c5tH7EI,fvansondi
488,amcchesneydj@hexun.com,2RrOnWfLC,rcragelldj
489,askeldingedk@tripadvisor.com,3ICG2aXU,dcarlesdk
490,hrowattdl@uiuc.edu,i31Ij10HY,deilersdl
491,mmarvindm@xinhuanet.com,x2FhF4TaCq,scatlingdm
492,slawransondn@google.co.jp,iQsxQ4KvcBkA,kcowindn
493,lwiddowfielddo@skype.com,RcM4NTn,amongerdo
494,rkerforddp@behance.net,hQSgH7dgR5gU,lmartlewdp
495,sawcoatedq@pen.io,my0JeG6uj1,bmurleydq
496,dgyerdr@admin.ch,ooMTwh,lbilhamdr
497,lbartleds@hubpages.com,Qh6GgGnMd,clambarthds
498,cguyondt@g.co,HnaYJ0,knelledt
499,kdelahuntydu@indiegogo.com,F7fs4e6,scolwelldu
500,hottewilldv@va.gov,kBNpx3xIj1if,cbruyetdv
501,lsilversondw@princeton.edu,AeiePGbv,jglassondw
502,wsturmdx@howstuffworks.com,K3L4S5ieQOCM,jodroughtdx
503,alynockdy@ftc.gov,F4OCeVW,iarnoldsdy
504,dgeldartdz@ucla.edu,Vmj0sD5U,lcobbalddz
505,aquaintone0@istockphoto.com,NMc0xo,dhawkswoode0
506,jpabelike1@slate.com,WTQpEi4N8cSF,lblaese1
507,ewickware2@boston.com,jVcsFhXy5Pn,ccohalane2
508,tplutheroe3@soundcloud.com,5mU2EvAjEM71,ptowelle3
509,tlanglaise4@china.com.cn,qdEeIvJ7W,mleadbeattere4
510,ubausore5@tumblr.com,WwnDxRyh2G,croskeillye5
511,jaronsone6@ucoz.com,3xXmQs,jkapline6
512,jrelphe7@slideshare.net,AZM5j21If,amickleboroughe7
513,mdonisthorpee8@businessweek.com,D8WbqGTql0A,npoyntze8
514,fhame9@bloglovin.com,yenIrRL7,sdeexe9
515,mbarenskyea@a8.net,xF10BPLfusu,sturnpennyea
516,ageacheb@disqus.com,NLy9jL0s02R,sdurdyeb
517,ppeacockec@webeden.co.uk,emG2Vl,brustidgeec
518,dchatelled@wsj.com,6yWRyHV1W1EG,gmackrelled
519,ajosefssonee@cbc.ca,5t88LqziDw3Q,mgraemeee
520,nwethersef@npr.org,DXkEY5Z0YXa,kgynneef
521,fswendelleg@vistaprint.com,NbiDLFB,ajodkowskieg
522,cwiggintoneh@sfgate.com,A8JmtZ,mdietmareh
523,aebbinei@csmonitor.com,VlK3rYE,jdallossoei
524,tmorpethej@godaddy.com,MBl03e0nF,lfurnissej
525,acorrek@phoca.cz,K86puuh,edallonek
526,bvondrasekel@github.com,70F18q,rgarnerel
527,shogbenem@ehow.com,oew3nveI3ip,bbateem
528,tbendelen@weebly.com,GD5MiPRiCl,ccardwellen
529,uperellieo@posterous.com,GFWplgb,gpaxefordeo
530,wcrantonep@unesco.org,NOG11vb2Uz,kputlandep
531,nambruseq@zdnet.com,6RbzAJ0b,rbrimmelleq
532,bjohananover@unesco.org,ytzgliy1,rquinevaner
533,sdeverees@alibaba.com,ZSChoq91DWD1,mouldcottes
534,dcattleet@example.com,3ETfhR,ugrigorescuet
535,gpossaeu@phoca.cz,UggwPr0kE,srusseeu
536,grabbeev@ca.gov,kvrIIxytWxh,selnerev
537,mmcandrewew@fc2.com,dJFBKh1eYq,chardbattleew
538,afurnessex@jigsy.com,1b55XDq,tpettingallex
539,pfoskeney@webnode.com,BZOnsmZpp35C,malbrookey
540,jlarawayez@myspace.com,7feXZU4,parkinez
541,mitzkinf0@histats.com,BMlTLySq,cmcclunef0
542,jspillardf1@oaic.gov.au,qBZ2GnAXyjE,dbastidef1
543,cmcelhinneyf2@wp.com,3bCqKjQ,droxburghf2
544,hhuthartf3@i2i.jp,dnRkv5tLr,aparsissonf3
545,bdymidowiczf4@auda.org.au,VhNYkL2OhNga,jkeartonf4
546,cmcgroryf5@weibo.com,4zaTW8WLB,mkroinf5
547,upetofif6@chicagotribune.com,h3gC6Uryep5,echristopherf6
548,mwynettf7@reddit.com,qkK6Mi,dwintourf7
549,mglasbeyf8@ebay.com,BTewNm3MY,ibarfieldf8
550,bgrishanovf9@istockphoto.com,TDS9aTlAJX,gwhifff9
551,cmalcolmsonfa@discuz.net,5XDFDnrkXv,ndalinderfa
552,jbottingfb@ucoz.com,A6FL6lJoXD,ktruderfb
553,ifearbyfc@yandex.ru,N0zAtOKsn0A,ibeynefc
554,mpauntonfd@engadget.com,6vV1pLF4kV,rwalklottfd
555,jcrosoerfe@creativecommons.org,JzOtzd9mSP,rstanlikefe
556,hrojelff@gizmodo.com,Fx35zoSQ5IYD,rengelff
557,dwiltshearfg@ebay.com,1ib3GGJZY,bgleasanefg
558,cgummefh@mediafire.com,WPRQ6LP6Y,vstuchburyfh
559,dhendricksonfi@hhs.gov,w3UNiDYkGU5,cleflemingfi
560,rnaptinefj@seesaa.net,ESHeh6b,jfortyfj
561,rdowryfk@a8.net,XpySnuxIYS,tgillanfk
562,schalcraftfl@wired.com,pLgCmChexM,sfilgatefl
563,aschlagmanfm@g.co,qaJWWssfj,dkirkpatrickfm
564,dwiszniewskifn@intel.com,5qm2h9g1,galfonsettofn
565,pivanishevfo@trellian.com,2UNA1HGv5rX,swaterdrinkerfo
566,csmittenfp@furl.net,I1yAHnoo,ojoulefp
567,cbrientfq@gov.uk,pDHObU5nrBR,lworgenfq
568,jputtockfr@prnewswire.com,4IpIPPMCw,hmackiewiczfr
569,swarykfs@livejournal.com,6eUrzN8L5BPO,ependallfs
570,rshaplandft@netscape.com,eIbdlgDmWY,tjurischft
571,abagnoldfu@vinaora.com,49u95qGWR,estobbesfu
572,toakebyfv@seesaa.net,ZhO1JYHQnLw,rphillinsfv
573,cbickerstethfw@jiathis.com,sSsKyanCvenL,mhaberchamfw
574,lverricofx@msn.com,2bffSMCfWt,sbosherfx
575,bbonafacinofy@vistaprint.com,sAhP66Eysa,adeclairmontfy
576,eaverayfz@ucoz.ru,PsdsqDI,lportwainefz
577,rchurchlowg0@cam.ac.uk,SgoM7nFD4Wg,chylandg0
578,mgilleang1@apache.org,CkbQdCL,bpinkardg1
579,kdowningg2@over-blog.com,hBsM6xIw56r,krousbyg2
580,bdienesg3@domainmarket.com,DyPdTj,kslowlyg3
581,jloughreyg4@webnode.com,lblUUvcUrzMo,ocorrieag4
582,rboaterg5@tumblr.com,pJzyTr,oblakestong5
583,nhugoning6@state.tx.us,1rh6c2bt0,cbernardesg6
584,surreyg7@cornell.edu,ombNL5VZ,bbefroyg7
585,lhyamsg8@umn.edu,4t0RXMgR,lvowelsg8
586,lgreguolig9@symantec.com,HgTmnC,wharbrong9
587,besslementga@telegraph.co.uk,vPPPaPuUu,dkeatga
588,mkinningleygb@qq.com,KWonHBEES,gleeminggb
589,koriordangc@squarespace.com,M216mC,bpetticrowgc
590,kshrimptonegd@goo.ne.jp,dEJbu0Vp2q,sfehelygd
591,wneatge@ucoz.ru,mtIGmi,tsutherdenge
592,wstanmoregf@ihg.com,f80RP1LgE,emcconwaygf
593,taaronsongg@opensource.org,UEsCWK4Xmw,jhealksgg
594,sdennertgh@github.com,SykRd6UBfu,cbonnysongh
595,bgrzelewskigi@howstuffworks.com,OGmareq,mbirkenheadgi
596,lmcphatergj@microsoft.com,42EIQP,pfairniegj
597,crafegk@dedecms.com,GECrbPhrArv,pboasegk
598,cfardellgl@dell.com,QCet9uNL,cteecegl
599,emenendesgm@exblog.jp,TiWcL2M,bhazlewoodgm
600,eblownegn@simplemachines.org,0DoTP5EHu36s,slittleproudgn
601,kbiltongo@java.com,ygVROgAR,phazlegrovego
602,mcapineergp@yelp.com,2KJ4rNJ,wtwiggegp
603,ebrophygq@sphinn.com,cwEXVMZ,jpossagq
604,apanasgr@istockphoto.com,3fGLMC39dqN,lsuddardsgr
605,tbrimmgs@usgs.gov,c0QHOc,hnewnhamgs
606,tknillgt@java.com,LmJ25WDqkd,lrottenburygt
607,aspillanegu@pbs.org,i50ejrTotIP3,ttumeltygu
608,rjouengv@sciencedirect.com,Ah9V2rO,grennenbachgv
609,gdoughtygw@ca.gov,YMi4IMn1aIS,mfollangw
610,rsimonetongx@comcast.net,MAiZCY,wpaschkegx
611,dloygy@w3.org,aNDvCk,celloygy
612,clowndsbroughgz@geocities.jp,rhYZYwymqtt,caupolgz
613,kjohnceyh0@fema.gov,OuUkGd7H,wnecoldsh0
614,hleregoh1@ft.com,I5k5o5fx4,aschwandnerh1
615,rjosovichh2@ycombinator.com,eUtMcZ31,pcollcotth2
616,cfillish3@geocities.com,VuGDbrGPBH,ahealksh3
617,mperkinsh4@usnews.com,Fw8bTFSg,atupph4
618,ugiraudyh5@seesaa.net,zxnI3fi,ahurranh5
619,sbinneh6@pbs.org,oWRd2IdWmjoh,esustinh6
620,wambroseh7@google.es,SsGhQzdWIoa,aperretth7
621,gmazziah8@privacy.gov.au,BHrbhbN,amilroyh8
622,cgentrich9@newyorker.com,BIoICgSMiT,pgittingsh9
623,cgammetha@oracle.com,3KxXjMCgOw,nvanwaadenburgha
624,srickertsenhb@oaic.gov.au,CDOOBZtvufP,nwhathamhb
625,kallmondhc@etsy.com,XaGCBWlHwEY,kluttonhc
626,tcotillardhd@ow.ly,6FCE0PrVXrT,jpichefordhd
627,nmcteggarthe@jigsy.com,kgBeRD,ccolletthe
628,ddessanthf@washingtonpost.com,hJB7lGlcSJk,mmeneelyhf
629,cdellatorrehg@livejournal.com,PzV6sp2,bkembreyhg
630,awehnerhh@com.com,Lo4kQiodA,twetheredhh
631,qlawdayhi@wikispaces.com,QCIC80DQml,mduchateauhi
632,fdudinhj@networkadvertising.org,oSAu1AhGpS,tsheddhj
633,kdundonhk@lulu.com,iRVKjF8x0C,lhackworthyhk
634,aidillhl@time.com,SYymfM,eantonichhl
635,jpatronhm@yellowbook.com,AWgc4ybk,kclaridgehm
636,jjudkinshn@noaa.gov,uaec6xXSj,idraayerhn
637,mkohlerho@parallels.com,dCWq5AWr7,ggilbeeho
638,glorinezhp@wufoo.com,KXRa1Ha,scalderwoodhp
639,wsukbhanshq@tripod.com,t33AJjZ2pZ,ecarvillhq
640,kainscowhr@businessinsider.com,wbPM0r,adearlepalserhr
641,etranfieldhs@ftc.gov,yeQUfI62Y,mfluckshs
642,agowht@archive.org,YiYXd8y0hc,chunnicuttht
643,agallihaulkhu@google.com.hk,VeVuhiiVjKe,ajouannothu
644,ephilippehv@economist.com,yyfRySRjWx,rsethhv
645,phumbleshw@arstechnica.com,zWHnHD9KGUvs,gskoughhw
646,tebbershx@wired.com,C1AbsQRi1,cguarnierhx
647,wfaithornhy@ed.gov,3YF1tlJ,bbraamhy
648,oswatheridgehz@miitbeian.gov.cn,dBrmtg8Xkns,hsanbrookhz
649,kmainsi0@taobao.com,iy1L1qA,vhubbisi0
650,smarringtoni1@jigsy.com,MQ0qFmBv,vrolfoi1
651,gleveni2@alexa.com,LybTP1C1JA4,kbernardellii2
652,sspoerli3@businessinsider.com,Q0cQRHRHsAiL,bmunkleyi3
653,hrainsburyi4@ycombinator.com,dexEDtBoen,pcrewei4
654,kbuggsi5@altervista.org,IEE35F31,adevennyi5
655,cjosseli6@parallels.com,SO3JLnGE,fbranwhitei6
656,nfedderi7@ovh.net,8871FUyig,dengehami7
657,hpartricki8@house.gov,Llf7D1GK2eS,nmarkwicki8
658,sberki9@storify.com,Q4mLM1GD2y,pcoggani9
659,mmacilraithia@accuweather.com,sXSH8DU,pkarppiia
660,cmechicib@domainmarket.com,E9XsNBIYNgQ,sbarrib
661,mtunnicliffic@w3.org,Y1fyquiDD,bbrauntonic
662,cradenid@csmonitor.com,aV44I2M2,tbasekid
663,dhargrovesie@acquirethisname.com,GUOR8EHLjpIP,afesslerie
664,aalsfordif@geocities.com,oYIcsp1jT,rmciverif
665,kliesig@netvibes.com,5mMEfEs,morletonig
666,sgaffeyih@imgur.com,yxGsbraFW,nmeneyerih
667,aeaglesii@spiegel.de,wDHbXes,dbrendishii
668,sauchinleckij@miibeian.gov.cn,DWeRAe,snowakowskiij
669,sweightmanik@eepurl.com,LOTHMYpo,edaskiewiczik
670,etottieil@baidu.com,JhgF5W,goveril
671,mbokenim@rediff.com,XycVIi94Zn5,cbragancaim
672,vliddingtonin@cornell.edu,VS0l2U,kmuckin
673,tarmytageio@pbs.org,LEz2DRtrbl,sszymanekio
674,rbristoweip@joomla.org,kSmre1OzAjX,gpontingip
675,afechnieiq@histats.com,ngaRlIc,cwreakesiq
676,cspringthorpir@yandex.ru,jPx25Xp,ndymondir
677,drobjantis@mapquest.com,1qdLfgO7Rs,kstitis
678,kaschit@histats.com,2UbOk7orUc,krouselit
679,hpoteiu@dedecms.com,QMGu9d,wbehneckeiu
680,rposcheliv@zdnet.com,J73N8r0R,eprovostiv
681,dkerneriw@tumblr.com,LZTzTkqKMFz,gpuddingiw
682,ipaolottoix@disqus.com,gEmAlGxq,obriggix
683,nknottoniy@abc.net.au,r3JocwwW5i,pjunesiy
684,kungereriz@tinypic.com,9rmILj,mbuncombeiz
685,gmanthroppej0@yellowbook.com,VebENT5S1I9B,sthundercliffej0
686,tmacandreisj1@oakley.com,pxujXv3VT,clarsj1
687,malpesj2@xinhuanet.com,wGyZoy47Ra,osenussij2
688,wpadellj3@dell.com,5tzpoytKi,phowickj3
689,hgostlingj4@freewebs.com,QnbiUNW9Zvch,gtebbetj4
690,cosbournej5@addthis.com,coEUtqeG,lmebsj5
691,ajaggj6@google.co.jp,OZrh458NJatO,hstetsonj6
692,qheusticej7@wikia.com,nhamwtPF,kadriaensj7
693,hbahiaj8@cbc.ca,obhClIo,sboldenj8
694,amaffionij9@infoseek.co.jp,UE9WAR1b0p,crobertellij9
695,dreasceja@wordpress.org,SjfWWWu997g,gtolsonja
696,pwoodnuttjb@bigcartel.com,5vOwVO,bfitterjb
697,hsandhilljc@mozilla.org,ZV1qswITca,fflutejc
698,gtordiffejd@google.com.hk,1UyoAD,zmulroyjd
699,bcancellorje@examiner.com,fEHKHBXTuQA,pgussieje
700,amacchaelljf@google.co.jp,bh23ujyL,fsesonsjf
701,nbenbrickjg@narod.ru,fSWGH89,rmerrikinjg
702,ggruszczakjh@infoseek.co.jp,pL7M25Iff,ndrueljh
703,rfeenanji@gravatar.com,wdvEsGFcGF,kjoskaji
704,abamelljj@usda.gov,BE0IbXW,pclemojj
705,lleglisejk@epa.gov,lGIgNqX,dhuetjk
706,aparsalljl@vk.com,2WUqhTRQknR,dadnettjl
707,swinsorjm@jugem.jp,KsQf6y,cferronierjm
708,csudlowjn@loc.gov,YqCSLb7IPaq,bdearesjn
709,mbaldackjo@wunderground.com,3xIjrTSbf5FK,dpessoldjo
710,wgrisardjp@house.gov,eX59GI,zcoupmanjp
711,mdepietrijq@answers.com,dEgMLmKECapq,dtrewinjq
712,vtiernanjr@paypal.com,W49PMjWH,arosenbergjr
713,tbodycombejs@nationalgeographic.com,cCzJYH,cninnisjs
714,nborrottjt@youtube.com,wLF8wG,cbamberyjt
715,bmaclardieju@webnode.com,dNPBLDjMkGhb,bbenceju
716,anorthenjv@istockphoto.com,PGfRsbF,amccollumjv
717,mstapleyjw@networkadvertising.org,GbwuIv,lthayrejw
718,clinehamjx@foxnews.com,RBUB284O14,hwaleworkjx
719,vmillichipjy@xing.com,jrcEvLVf4S3d,lwreightjy
720,mcantlejz@google.nl,taXaWM2yaNB,bbritonjz
721,kseifenmacherk0@intel.com,BS3Zy3,gnorfolkk0
722,kkernockek1@goodreads.com,CvlHaBJovT,gcadlockk1
723,wthomlinsonk2@google.fr,fW9OjNAxk,gtornsk2
724,kchaytork3@hud.gov,P7lg8b11m9OI,owarderk3
725,lhoxeyk4@nature.com,g7mK50kGAiMM,cderingtonk4
726,sdencsk5@zdnet.com,NVHUAqKyYsw,jjosifovitzk5
727,edetock6@samsung.com,01K5Ks2tjIw,kbeardsellk6
728,cjoyseyk7@lulu.com,0poiyANYppNz,kcanterok7
729,kpaulik8@delicious.com,3Dqcim,adwellyk8
730,aeastridgek9@amazon.co.uk,frPPOLvQWtuN,vbeumantk9
731,ndoerfferka@samsung.com,L3QVnwz2,groskellyka
732,kbenediktssonkb@netscape.com,sTXcBC5YiR,svenneykb
733,gdickenkc@php.net,rvUUT2,lderuggerokc
734,dbracchikd@apache.org,fmkpnAV,cmacquistkd
735,senriqueske@java.com,qQI68veCOZr,mgreaterexke
736,smazdonkf@uiuc.edu,PvTMLC,ucarlettikf
737,kcancellerkg@shutterfly.com,ZsM89CP3bL,hpenleykg
738,mmoldenkh@reverbnation.com,RmjnrzAK,kwhooleykh
739,bmellandki@php.net,o7CW35TxT,jeateski
740,htaddkj@hao123.com,9oYJv08fBsX,aalastairkj
741,krivlinkk@oakley.com,rBEehZy,mbrakerkk
742,mschutterkl@dmoz.org,t094HPE,jmcmonnieskl
743,owinsleykm@tiny.cc,wA7oBoy,fmixkm
744,shammondkn@redcross.org,5fGuv7nWj5,bcarlilekn
745,jcullko@livejournal.com,HlzpuciPt4y,abrouneko
746,skenwortheykp@cpanel.net,cXWgVQ3HtZU,bmartyntsevkp
747,gpaintainkq@toplist.cz,zEoNCMDYA1V9,bdarnboroughkq
748,rcrockfordkr@odnoklassniki.ru,Kf8SpVlG,bcheyennekr
749,knittoks@kickstarter.com,7XWii2ZtWHmX,hpaulyks
750,gpierrepontkt@java.com,ETSn6kypSEk,kfulgerkt
751,wbatieku@fotki.com,kTwk6wQbQ41F,nmckernku
752,idoggerellkv@spiegel.de,RVzibuhK,akovalskikv
753,rmatijevickw@biblegateway.com,2LLLaXMPcqTZ,rharbordkw
754,ltrewhelakx@google.it,W4SkrFBeMJt9,eczajakx
755,fhaskurky@xrea.com,8CDtoQSq,sfouldky
756,cbeebiskz@gov.uk,oPaL1KUJ,rpynnkz
757,agottelierl0@time.com,b2TwWiHB7F,iracel0
758,hkingsnodl1@jimdo.com,UaRTbqP,bradmerl1
759,sfliegel2@cnbc.com,Bn6iiF7T0u,eligerl2
760,smacmenemyl3@statcounter.com,KT3fvy,lfoxhalll3
761,kgarawayl4@nasa.gov,TfGWmqKO,ibemandl4
762,bjezzardl5@bbc.co.uk,CSJl6n65GNOa,pbramel5
763,drozenbauml6@upenn.edu,1vsPl3rM,hcharkl6
764,ichaggl7@uol.com.br,Gb7sh2q,mtrousdalel7
765,wwarmingtonl8@bandcamp.com,ZOASXjjuqxh,jdehailesl8
766,tsliddersl9@amazon.com,0wPpQcwRh,fscowcraftl9
767,bpallisterla@hatena.ne.jp,NbtRFhHLTX9,gpentercostla
768,mmariaultlb@dion.ne.jp,Hy6Iy59M,dleeselb
769,jtemplelc@marketwatch.com,7kTIUuEW,ajohananovlc
770,parmatageld@blogs.com,h6qFhK1h,nfarmarld
771,rfrendle@domainmarket.com,uzk0SQlL,dsedgeworthle
772,gbirdslf@smh.com.au,5oBNSAwA0on,sedmundlf
773,flabatielg@ifeng.com,SiuBGW9f4,ljollimanlg
774,kcrocettolh@hp.com,zUexIX,agolduplh
775,earnottli@xinhuanet.com,7wU4uu,cwestoffli
776,zprobetlj@mapquest.com,SCWF8a,akleinholzlj
777,syashnovlk@ustream.tv,hPdvX88Ni,lgoodwinlk
778,kleballll@newyorker.com,zrN4tnzXszL,zkasll
779,mfoggolm@gnu.org,2bzAfael,acouperlm
780,drydingln@uol.com.br,og9dItPTT,lgrigorioln
781,bdenerleylo@acquirethisname.com,RjDW1SJ,gmainslo
782,agrimwadelp@myspace.com,Dw9Oiq1XV,aedwardslp
783,bborlandlq@fotki.com,PQXJCtgI,mpauleitlq
784,bbagshawelr@nifty.com,4rWMXfNjaHV,jyitzhakoflr
785,efennersls@blogger.com,gS1YBMcB5O,chyamls
786,thargreavelt@narod.ru,64KRfyRUBk,ocarnoghanlt
787,aloddylu@purevolume.com,pNbKQ0lx0h,emcmenamylu
788,xbarrottlv@economist.com,1D0uIzX,gsharerlv
789,cwyleylw@miibeian.gov.cn,iRQ9M7,gewinglw
790,acoyshlx@wordpress.com,K2SOAVf,epelmanlx
791,vwiggallly@sciencedaily.com,FfZypk,tbloodworthly
792,spolinlz@wix.com,B5nOTiAZP,aspivielz
793,ahapkem0@slideshare.net,IYuaZzyyo4,hkarpmannm0
794,ocrampm1@amazon.co.jp,mLva73g,dfoxleym1
795,dmiddletonm2@state.gov,AzBji3NQg1jx,tdytem2
796,vosbandm3@unblog.fr,FHt4x0,chorsfieldm3
797,sgianolom4@reverbnation.com,l5ynFN,jmarushakm4
798,bchallissm5@hp.com,8M1PSYJ,rlortzingm5
799,mbaidenm6@jiathis.com,XFVqtsy0,sturbittm6
800,bschoularm7@blogspot.com,JJ74JouW82,leimm7
801,jrueggm8@un.org,EsWZOnhob3,lduforem8
802,hjacobbem9@weebly.com,CW8YOI,lannionm9
803,jgonma@joomla.org,r171QqG,gcuttlerma
804,efeldmessermb@de.vu,fmd7Ci,nhallgatemb
805,mhendrikmc@rambler.ru,SkzxVZ,dgiffenmc
806,rfrowenmd@ft.com,Yohp7S5G,kbewliemd
807,cunderhillme@umn.edu,bMTMYKR,mmacpaikme
808,rstrowlgermf@cargocollective.com,4bIOR9L,mdibdalemf
809,adobbsonmg@scribd.com,wiAs9E,ktonkinsonmg
810,aduligallmh@dailymotion.com,VcVCPzq,asignemh
811,rrimourmi@webs.com,lChTVt6e,mlivockmi
812,lhedleymj@nih.gov,X1jxjavaWW,coldlandmj
813,sjancikmk@photobucket.com,9sOOEkC9ApIL,pcanadinemk
814,rconradsenml@mayoclinic.com,0Pm5eY,bbisattml
815,lfantonmm@wp.com,sjSYvciqe,jbaughammm
816,rstennardmn@seesaa.net,PBmQxam,thouldcroftmn
817,mpfeifermo@naver.com,LShp9xo,mronaynemo
818,mhardakermp@netlog.com,uNox7z7aHqoI,cwithamsmp
819,radamovskymq@spiegel.de,MvYgPAdAO,hdorsaymq
820,dfendlowmr@smugmug.com,UhKiuNLke8pJ,gparkenmr
821,dardyms@myspace.com,oVf6Ojl7x,nduesburyms
822,jmaffiolettimt@skyrock.com,H7OhW58zmIV,omatzaitismt
823,abellinmu@prnewswire.com,e67kYCBi,ekemsleymu
824,mcallowaymv@multiply.com,pQc9G9akPS,zimmingsmv
825,ameneghellimw@ehow.com,3ZUVzT8J,hkrzyzowskimw
826,wbalderstonmx@sina.com.cn,zl5w04I,jhouchenmx
827,mdaicemy@nsw.gov.au,nVpb9B,rhanrahanmy
828,lquinseemz@last.fm,zBTO8siwxVk,dillsleymz
829,adosedalen0@ocn.ne.jp,2FnSDV7dz,dhitschken0
830,dglencrashn1@wikispaces.com,op9n9azDFb,ekorneichikn1
831,lbooln2@drupal.org,TufBhtd5Nzb2,cilesn2
832,bvennartn3@vimeo.com,2c4rdnMt,ieakensn3
833,vcuardalln4@salon.com,8acpJX,ctantrumn4
834,tbakesefn5@123-reg.co.uk,nfRsso4w,ghairn5
835,abainen6@admin.ch,MJGRyp3,cridden6
836,brickmann7@tinypic.com,yPmgintg,tesslemontn7
837,lnoadesn8@so-net.ne.jp,5PdbQ4BAg1zk,schaslen8
838,melsopn9@businessinsider.com,mYTYKo3B,bedmeadesn9
839,cmussonna@cbslocal.com,Xs1GG3,dbarbarana
840,mortlernb@java.com,pA3zT9vvoh,twagernb
841,greesenc@epa.gov,zOv8dl,dworttnc
842,dmcvitynd@reuters.com,SijugWdjZ,bgilhooliend
843,hrenahanne@wufoo.com,xGf7bXLLhpa,kruosne
844,saspellnf@ihg.com,XDpnQ0KZ,mbollamnf
845,rwindmillng@cyberchimps.com,WQa81cto,eelfleetng
846,dheardmannh@sitemeter.com,Vzh0KOsne2aT,wbrightmannh
847,bpalleyni@indiatimes.com,eiZucIKxQK,dchecchetellini
848,ocreavannj@alibaba.com,k1jIMew57w4c,olindbacknj
849,vgrigoriannk@delicious.com,U2RsCh9D,ssurphlissnk
850,grawnl@usnews.com,pTNvj5m1W,tcoursnl
851,kdacheynm@nytimes.com,JC5epqUXZ6g,pshaulnm
852,ctweddlenn@creativecommons.org,Matv0fFb,rrhodefnn
853,esnellno@answers.com,5v72OEMLIn,lpotapczukno
854,gsimsonnp@nature.com,hzWXU4vr,tspennocknp
855,mkillicknq@1und1.de,d0jEJiOwy4,vhoutbienq
856,mquestnr@paginegialle.it,4pMHoKi6pM1,scolloughnr
857,dwalklettns@businesswire.com,hKDYaFjceN,pnootns
858,jjohnstonnt@usgs.gov,IizgZdFl7y9,astallworthynt
859,qshalcrosnu@plala.or.jp,y6EWIu12O4,aanderernu
860,banselmnv@dmoz.org,F2OBpsWj0Ty,lmoralesnv
861,mcrouchernw@google.fr,K6OMtEdQh4P,fswepsonnw
862,acuniamnx@ucoz.com,WOQNYEOaV,hscothornenx
863,rhuckerbeny@bloglines.com,tj63HP,ndanherny
864,lhayleynz@naver.com,PWvDQRt,vcogannz
865,ssilbero0@myspace.com,zzYcUJ,cakkero0
866,sgocho1@msn.com,0Nx52I6n,jgriswaiteo1
867,hsinnetto2@yahoo.co.jp,0Rpioca,mgraalo2
868,sheskeyo3@prweb.com,mR5ynNWnaa5,mportcho3
869,uosgorbyo4@irs.gov,NDavyEuj83MP,iraffino4
870,tedghinno5@engadget.com,WM46Rh7pe,lemmotto5
871,omckeowno6@tamu.edu,aoxVn3mBZq,abrezlawo6
872,aempletono7@cmu.edu,gNdYqi0v7,cdennyo7
873,kshaweo8@imdb.com,LFn83RSbl,tswensono8
874,dgoodricho9@tripod.com,jkdr2OVe2T8q,acrossthwaiteo9
875,zbiggsoa@ezinearticles.com,ahifqJ,hriddingtonoa
876,schuneyob@twitpic.com,H1SJzizF,schyuertonob
877,rgunningoc@auda.org.au,A6IA3qF7,hscurrahoc
878,eshalloeod@4shared.com,WbHMEhvCu,sbolterod
879,eaymesoe@auda.org.au,ymPnGJ,pwillshearoe
880,fphillcoxof@un.org,36eWbFlTD,rflowerdenof
881,ibrazerog@va.gov,Cx5nByP3,gtolerog
882,hlisteroh@google.pl,NhhGnSybVo0,egrabboh
883,amannsoi@intel.com,fySGncqK704d,daxworthyoi
884,hsilmonoj@a8.net,WoQrTuFW,ocuffeoj
885,abockmasterok@blogs.com,o4lJdZDSUvyv,rmccaughrenok
886,gslossol@yellowpages.com,10I74HLHy,tpaskellol
887,lgarbottom@globo.com,7bMsnDCxX,prugieriom
888,jpowneyon@wikimedia.org,4X9TF8WW8nE,rprobackon
889,dswayslandoo@census.gov,NiOrLj6,dmurdenoo
890,jmalletrattop@wisc.edu,y83z81hR8m,mzealyop
891,gstokeoq@samsung.com,gzMZPdiB2kI,kbredeeoq
892,cmosedillor@marriott.com,gTI03ygIpQ,rgoldstrawor
893,sdoweyos@google.cn,1D6oAMr,cmccreadyos
894,efawkeot@nytimes.com,NIumo1bm,csumsionot
895,aquiltyou@dmoz.org,Nw0ys5fqc,blabbezou
896,pbaggelleyov@marketwatch.com,gYaf0NoSjQA3,mhellsdonov
897,cparlottow@eventbrite.com,aOiQEAltcHf,slunneyow
898,lclaybourneox@webmd.com,Msph51PcZ,kfortescueox
899,hpolsinoy@zdnet.com,9gVhpuUv,dabsolomoy
900,apeermanoz@soundcloud.com,g02TAt,vmagneoz
901,votuohyp0@shinystat.com,ZWm4zhLu8,egiovannardip0
902,fguyanp1@uiuc.edu,XWhPJbah1Q4,lcripwellp1
903,epatifieldp2@goodreads.com,KNrWh2kW3Fl,rforlongep2
904,sbenettellip3@linkedin.com,BKrzyAutCLmC,aadicotp3
905,ndungayp4@mashable.com,tGG6nF0,cknipep4
906,kteaserp5@mediafire.com,GKBKmMv9x,mconyerp5
907,egostridgep6@mail.ru,18QHDAhw1,bcreekp6
908,elaybournep7@naver.com,qCTXyIvR,dskeggp7
909,aduggonp8@g.co,eX2Wut,afareweatherp8
910,gguitonneaup9@alibaba.com,0vS7XAcNwVf,legelp9
911,pkowalikpa@ustream.tv,dwjcPXH,etweenpa
912,dbaudinspb@gmpg.org,A26oIeOLWaQt,fsetterfieldpb
913,mgelardipc@bigcartel.com,CXPvTC7E,zcordellpc
914,dinkpinpd@princeton.edu,nUWgftD3n,mfetherstanpd
915,apappinpe@yellowbook.com,uMJl10bL,ppinnigarpe
916,kberzenpf@washingtonpost.com,Wqx6ODgL2jPd,mstiegarspf
917,agearpg@walmart.com,4Uh2L3ilvO,rcuttingspg
918,alitelph@blinklist.com,Wpw6Sw74e5,mmccomiskeyph
919,jmclarenpi@omniture.com,V0k6fPRbCtDZ,fwartonpi
920,pcrowtherpj@sitemeter.com,94lpGy0GZ,ctynemouthpj
921,opautepk@ibm.com,UQj3BNKK,rkynforthpk
922,rkleynermanspl@nydailynews.com,IdkWS56,rheakpl
923,cteresapm@google.com.hk,96U3sP3SM,hfarrantspm
924,rellpn@cocolog-nifty.com,W6ea8ISW1h0t,everringpn
925,zfawlopo@sfgate.com,zbIL5R,ejerochpo
926,jhingepp@about.me,IxdmSlmJl72,lgerrardpp
927,bsaicepq@etsy.com,IhgWvh,gheartpq
928,msowraypr@ft.com,G3M14y,rstidworthypr
929,astegelps@deviantart.com,11d6U3,tmasselinps
930,bmccarrisonpt@businesswire.com,As4oh09Hb,bprobbinpt
931,nmaccrackenpu@tumblr.com,qWkDyYHZ,lspreagpu
932,hmardenpv@cafepress.com,xyrWZhtZ9Jd,lrangerpv
933,pismirniogloupw@boston.com,EyMhwvmFN,kbrunellipw
934,gtapepx@amazon.de,hLRGRJUCg,bruddinpx
935,cpenswickpy@bizjournals.com,bUkoItVjk2b,lnorthingpy
936,dmacalasterpz@myspace.com,uaHJhXj59F,pregorzpz
937,schartersq0@feedburner.com,J07QJox,vsmeallq0
938,kbourgourdq1@intel.com,p1ZR5yo,mortetq1
939,nbirdisq2@drupal.org,FeDMbN,mdoddq2
940,jraymondq3@businessinsider.com,yU6GanDaU,jstubbinsq3
941,ctownsonq4@google.ca,T2XAjL,lgarrattyq4
942,apaddenq5@booking.com,zHduXewe,lmatchesq5
943,kgathercoleq6@pagesperso-orange.fr,ePH7gZT0213W,mcarnachenq6
944,lsindleq7@github.io,BnwPLxbv5I4a,lgirardeauq7
945,aflahyq8@addthis.com,I2Z1hHrgs,aserjentq8
946,mhoftonq9@unicef.org,EiQqpYT73c,mbigadikeq9
947,jotimonyqa@cloudflare.com,LG9qce3k,cdunderdaleqa
948,tmanonqb@earthlink.net,iEVALQH6GD,jmichielqb
949,akmieciakqc@gravatar.com,nBZYFzdz6A,nzamoraqc
950,jbraidonqd@ox.ac.uk,Q9onWtA,rhoyesqd
951,giacoviniqe@instagram.com,quYNWw4a,dlawieqe
952,gsterryqf@nyu.edu,Jk4Vkt,mcomoqf
953,gaxupqg@omniture.com,Szs4KAsRO2,lrobelqg
954,hspenclayqh@wordpress.org,4Gy2ZH,kcastelowqh
955,lodonovanqi@altervista.org,yXd5BDJp1jSn,dreedsqi
956,dcaddyqj@ucla.edu,7QAfAKeRB9,boflahertyqj
957,estorrorqk@narod.ru,IpNATbp,shottonqk
958,apeelql@jigsy.com,0PTCAkHes,gmarczykql
959,switseyqm@oaic.gov.au,9gboYewcpft,dlothlorienqm
960,jwillesqn@state.gov,OIU9YlD,bgrundyqn
961,ksaltqo@sogou.com,X69nGfb,hstoltzqo
962,hmeynellqp@dion.ne.jp,z0dx2ws3Qb,cyurtsevqp
963,qmartelqq@smugmug.com,iP4k8B2o,cnoriegaqq
964,aposnerqr@phpbb.com,9icFU4T,dhutchenceqr
965,jandreaccioqs@livejournal.com,9tTJZVIz,opalkeqs
966,apaneqt@squarespace.com,xskIshgL9Y,jolivetiqt
967,fmccaughrenqu@gravatar.com,hmFRjN4,goddequ
968,jcrossqv@ihg.com,QlkE559h2,bcomussoqv
969,nchidgeyqw@digg.com,amRvkpBdY6R,jtirrellqw
970,cmbarronqx@alexa.com,Rc4MFcNRDDg,jpetzoldqx
971,vandryushinqy@samsung.com,yCO8o0ai,ofurmedgeqy
972,bsteersqz@friendfeed.com,CJrDOqGU4,tnorthwayqz
973,rprettymanr0@e-recht24.de,dqrWH34eS92,cmalekr0
974,imcdougalr1@bloomberg.com,mYbQ2cHn,rstuckfordr1
975,alarticer2@e-recht24.de,fDntWV0S,gbangsr2
976,jtiner3@blogtalkradio.com,CP1urnyE,glowr3
977,fecobr4@mlb.com,KFjwBL7rFU,fcomettir4
978,edeanesyr5@taobao.com,Wh2Zgu0tHQ,mcrosoerr5
979,aboardmanr6@hexun.com,WjjSqj4rsglH,oyitzowitzr6
980,cmeffenr7@deviantart.com,dhfBL1H4OD3,cswirer7
981,jmerchantr8@cdbaby.com,oufuDQ61REH,drodenburgr8
982,bguielr9@nydailynews.com,Snsd5xc6b,rsiemonr9
983,cretallackra@livejournal.com,CD8X0YAn0hN,sohrtmannra
984,dbrowellrb@stumbleupon.com,eErrI6SocZIO,owiddowesrb
985,mcasseldinerc@sogou.com,hi29GN5r,vcurdsrc
986,miacomettiird@nydailynews.com,MFbGhilVokof,lthornrd
987,bandreonere@tmall.com,mSkznesq,oabbatuccire
988,nbykrf@nationalgeographic.com,c1tSjfSSUS,skennewellrf
989,edarrelrg@businessweek.com,jiA1hKKJ,csedcolerg
990,csomersrh@miibeian.gov.cn,KzdzTbLXi,ccopporh
991,rtarneyri@sakura.ne.jp,UVslGDyqnZQz,cmcgrirlri
992,menockssonrj@tumblr.com,bPsZj4M,ggilffillandrj
993,bgoundrillrk@blogger.com,ETe53VD,ijankurk
994,oheusticerl@ca.gov,c18W9E,cstoilerl
995,pfashionrm@utexas.edu,xMElll49SW,eokinneallyrm
996,zblennerhassettrn@hatena.ne.jp,YpUFaW,etooleyrn
997,rheaphyro@marketwatch.com,TinpjVyg9V9,tantyshevro
998,mbraundrp@disqus.com,qjoTShip,ajirirp
999,ksangsterrq@cam.ac.uk,mFb8bOuYT1gv,lcolreinrq
1000,afarrantsrr@zimbio.com,T5TQUFJ6jQ6n,mswaynerr
